{
  "accuracy": 0.8876292097365789,
  "macro_f1": 0.8888240392827398,
  "alpha": 0.5
}