{
  "accuracy": 0.4915254237288136,
  "macro_f1": 0.46565656565656566,
  "alpha": 1.0
}