{
  "accuracy": 0.6904761904761905,
  "macro_f1": 0.45735096798926583,
  "alpha": 0.1
}