{
  "naive_bayes": {
    "accuracy": 0.4915254237288136,
    "macro_f1": 0.46565656565656566,
    "train_time_s": 0.026764631271362305
  },
  "ann": {
    "accuracy": 0.3559322033898305,
    "macro_f1": 0.3182685837487469,
    "train_time_s": 0.05261659622192383
  },
  "cnn": {
    "accuracy": 0.3898305084745763,
    "macro_f1": 0.35130434782608694,
    "train_time_s": 60.80006122589111
  },
  "total_time_s": 60.95555877685547
}